"Model","Year","ssp126","ssp245","ssp585"
"ACCESS-CM2",2020,80.7253,132.2561,187.0721
"ACCESS-CM2",2021,327.5842,123.71,0
"ACCESS-CM2",2022,319.4492,63.9915,170.5173
"ACCESS-CM2",2023,300.2273,123.3954,474.2386
"ACCESS-CM2",2024,551.9288,73.1204,467.5919
"ACCESS-CM2",2025,302.9256,155.9359,467.1963
"ACCESS-CM2",2026,286.9263,395.0764,574.0315
"ACCESS-CM2",2027,532.5809,513.8295,340.655
"ACCESS-CM2",2028,622.2161,573.5047,412.1376
"ACCESS-CM2",2029,651.1602,560.5076,58.6531
"ACCESS-CM2",2030,428.4236,503.2577,263.0693
"ACCESS-CM2",2031,492.1108,662.7316,249.9088
"ACCESS-CM2",2032,575.0018,319.2736,165.7781
"ACCESS-CM2",2033,369.3343,598.5328,239.6872
"ACCESS-CM2",2034,532.1781,878.5666,488.9512
"ACCESS-CM2",2035,437.6694,298.3637,506.7313
"ACCESS-CM2",2036,436.1044,270.9584,370.9784
"ACCESS-CM2",2037,141.4674,152.5254,424.7442
"ACCESS-CM2",2038,301.2114,415.2093,328.2484
"ACCESS-CM2",2039,398.2551,460.0278,400.9904
"ACCESS-CM2",2040,307.613,654.3312,991.6404
"ACCESS-CM2",2041,732.1095,688.9305,737.9827
"ACCESS-CM2",2042,757.2203,827.7854,573.3845
"ACCESS-CM2",2043,548.4934,381.2224,827.1784
"ACCESS-CM2",2044,731.8972,855.8708,485.785
"ACCESS-CM2",2045,442.663,949.1126,676.9916
"ACCESS-CM2",2046,695.9675,490.915,751.7679
"ACCESS-CM2",2047,585.2588,554.4893,650.1856
"ACCESS-CM2",2048,678.0936,755.8044,936.1182
"ACCESS-CM2",2049,615.3571,745.3713,930.8413
"ACCESS-CM2",2050,659.3342,524.9648,812.7553
"ACCESS-CM2",2051,689.4972,919.413,916.1402
"ACCESS-CM2",2052,624.2179,566.6635,1017.0408
"ACCESS-CM2",2053,646.6581,625.8766,1105.0202
"ACCESS-CM2",2054,688.4006,933.5144,1568.551
"ACCESS-CM2",2055,787.6079,962.9044,1568.551
"ACCESS-CM2",2056,940.24,978.1812,1572.8484
"ACCESS-CM2",2057,911.624,1105.731,1568.551
"ACCESS-CM2",2058,768.2106,1105.731,1568.551
"ACCESS-CM2",2059,892.863,881.4252,1568.551
"ACCESS-CM2",2060,722.5307,756.3023,1572.8484
"ACCESS-CM2",2061,897.656,1126.404,1568.551
"ACCESS-CM2",2062,757.2615,441.5437,1568.551
"ACCESS-CM2",2063,1007.108,646.1132,1568.551
"ACCESS-CM2",2064,1009.8672,836.2041,1572.8484
"ACCESS-CM2",2065,838.2224,875.0145,1568.551
"ACCESS-CM2",2066,957.4315,893.2331,1568.551
"ACCESS-CM2",2067,957.4315,994.406,1568.551
"ACCESS-CM2",2068,774.7387,952.5041,1572.8484
"ACCESS-CM2",2069,806.9962,879.7398,1568.551
"ACCESS-CM2",2070,963.454,972.0315,1568.551
"ACCESS-CM2",2071,898.736,941.4276,1568.551
"ACCESS-CM2",2072,756.231,972.5352,1572.8484
"ACCESS-CM2",2073,792.712,931.739,1568.551
"ACCESS-CM2",2074,542.238,1083.977,1568.551
"ACCESS-CM2",2075,641.4178,1083.977,1568.551
"ACCESS-CM2",2076,564.7092,1086.9468,1572.8484
"ACCESS-CM2",2077,791.3777,1083.977,1568.551
"ACCESS-CM2",2078,940.678,1083.977,1568.551
"ACCESS-CM2",2079,862.5326,1083.977,1568.551
"ACCESS-CM2",2080,303.4823,757.4346,1572.8484
"ACCESS-CM2",2081,881.1214,829.1622,1568.551
"ACCESS-CM2",2082,963.004,823.9982,1568.551
"ACCESS-CM2",2083,1070.1716,941.043,1568.551
"ACCESS-CM2",2084,1100.2326,678.4114,1572.8484
"ACCESS-CM2",2085,1097.2265,699.1652,1568.551
"ACCESS-CM2",2086,944.3759,1023.168,1568.551
"ACCESS-CM2",2087,576.6165,1016.975,1568.551
"ACCESS-CM2",2088,970.9248,1057.8498,1572.8484
"ACCESS-CM2",2089,968.272,1054.9595,1568.551
"ACCESS-CM2",2090,968.272,1054.9595,1568.551
"ACCESS-CM2",2091,968.272,1065.2446,1568.551
"ACCESS-CM2",2092,871.6912,1146.495,1572.8484
"ACCESS-CM2",2093,856.7892,1143.3625,1568.551
"ACCESS-CM2",2094,954.5092,1143.3625,1568.551
"ACCESS-CM2",2095,444.4553,1143.3625,1568.551
"ACCESS-CM2",2096,552.5197,1146.495,1572.8484
"ACCESS-CM2",2097,630.1526,1143.3625,1568.551
"ACCESS-CM2",2098,903.594,1143.3625,1568.551
"ACCESS-CM2",2099,971.4987,1143.3625,1568.551
"ACCESS-CM2",2100,999.0327,1143.3625,1568.551
"ACCESS-ESM1-5",2020,284.823,132.6114,297.6636
"ACCESS-ESM1-5",2021,384.5739,33.0731,59.0911
"ACCESS-ESM1-5",2022,6.8999,0,239.1294
"ACCESS-ESM1-5",2023,24.4854,48.6575,70.7215
"ACCESS-ESM1-5",2024,285.9614,160.0371,289.1349
"ACCESS-ESM1-5",2025,515.1516,131.0749,445.3983
"ACCESS-ESM1-5",2026,342.656,441.7476,450.973
"ACCESS-ESM1-5",2027,408.0471,383.9234,329.8073
"ACCESS-ESM1-5",2028,418.5567,174.2258,784.0818
"ACCESS-ESM1-5",2029,641.097,42.8127,781.9395
"ACCESS-ESM1-5",2030,688.755,210.1721,707.143
"ACCESS-ESM1-5",2031,552.836,157.8941,361.2724
"ACCESS-ESM1-5",2032,814.0572,394.8679,400.2759
"ACCESS-ESM1-5",2033,745.107,345.377,495.869
"ACCESS-ESM1-5",2034,375.2281,370.8478,418.2483
"ACCESS-ESM1-5",2035,546.1052,222.1252,607.0692
"ACCESS-ESM1-5",2036,609.6683,326.6336,786.351
"ACCESS-ESM1-5",2037,662.2535,537.033,443.0463
"ACCESS-ESM1-5",2038,547.5508,479.4796,604.5353
"ACCESS-ESM1-5",2039,693.427,307.5074,652.887
"ACCESS-ESM1-5",2040,352.0406,123.6132,543.2817
"ACCESS-ESM1-5",2041,471.3239,507.2706,534.1365
"ACCESS-ESM1-5",2042,749.71,337.8319,484.6705
"ACCESS-ESM1-5",2043,749.71,429.1473,527.6966
"ACCESS-ESM1-5",2044,751.764,574.3427,580.3563
"ACCESS-ESM1-5",2045,537.2136,861.4365,640.9811
"ACCESS-ESM1-5",2046,691.1686,861.4365,750.1046
"ACCESS-ESM1-5",2047,255.3029,861.4365,590.5044
"ACCESS-ESM1-5",2048,615.3643,841.0935,740.418
"ACCESS-ESM1-5",2049,850.9317,864.101,758.4399
"ACCESS-ESM1-5",2050,515.637,864.101,771.6006
"ACCESS-ESM1-5",2051,182.6276,591.8353,590.0485
"ACCESS-ESM1-5",2052,488.3616,603.1654,1061.6162
"ACCESS-ESM1-5",2053,554.6545,361.8689,1237.9705
"ACCESS-ESM1-5",2054,405.4395,517.8019,1237.9705
"ACCESS-ESM1-5",2055,177.9839,871.517,1237.9705
"ACCESS-ESM1-5",2056,495.9034,945.0486,1241.3622
"ACCESS-ESM1-5",2057,832.346,942.4665,1237.9705
"ACCESS-ESM1-5",2058,856.5112,942.4665,1237.9705
"ACCESS-ESM1-5",2059,954.402,942.4665,1237.9705
"ACCESS-ESM1-5",2060,448.2753,945.0486,1241.3622
"ACCESS-ESM1-5",2061,725.5993,942.4665,1237.9705
"ACCESS-ESM1-5",2062,584.1275,942.4665,1237.9705
"ACCESS-ESM1-5",2063,33.5961,942.4665,1237.9705
"ACCESS-ESM1-5",2064,371.69,945.0486,1241.3622
"ACCESS-ESM1-5",2065,344.4952,942.4665,1237.9705
"ACCESS-ESM1-5",2066,757.1925,788.6134,1237.9705
"ACCESS-ESM1-5",2067,724.275,863.371,1237.9705
"ACCESS-ESM1-5",2068,702.2158,865.7364,1241.3622
"ACCESS-ESM1-5",2069,739.5265,784.1162,1237.9705
"ACCESS-ESM1-5",2070,739.5265,776.063,1237.9705
"ACCESS-ESM1-5",2071,591.6692,776.063,1237.9705
"ACCESS-ESM1-5",2072,518.6528,401.5072,1241.3622
"ACCESS-ESM1-5",2073,770.2548,554.7795,1237.9705
"ACCESS-ESM1-5",2074,821.907,714.3415,1237.9705
"ACCESS-ESM1-5",2075,821.907,703.4772,1237.9705
"ACCESS-ESM1-5",2076,709.317,668.2512,1241.3622
"ACCESS-ESM1-5",2077,797.5524,661.9757,1237.9705
"ACCESS-ESM1-5",2078,739.6296,759.8028,1237.9705
"ACCESS-ESM1-5",2079,586.7192,989.004,1237.9705
"ACCESS-ESM1-5",2080,719.4828,991.7136,1241.3622
"ACCESS-ESM1-5",2081,717.517,989.004,1237.9705
"ACCESS-ESM1-5",2082,677.8142,989.004,1237.9705
"ACCESS-ESM1-5",2083,832.784,870.1604,1237.9705
"ACCESS-ESM1-5",2084,824.106,880.5228,1241.3622
"ACCESS-ESM1-5",2085,846.07,878.117,1237.9705
"ACCESS-ESM1-5",2086,846.07,682.4402,1237.9705
"ACCESS-ESM1-5",2087,723.216,634.724,1237.9705
"ACCESS-ESM1-5",2088,718.641,880.2189,1241.3622
"ACCESS-ESM1-5",2089,823.606,919.7635,1237.9705
"ACCESS-ESM1-5",2090,805.498,948.9137,1237.9705
"ACCESS-ESM1-5",2091,750.805,1036.089,1237.9705
"ACCESS-ESM1-5",2092,752.862,1038.9276,1241.3622
"ACCESS-ESM1-5",2093,710.6917,1036.089,1237.9705
"ACCESS-ESM1-5",2094,820.4963,1036.089,1237.9705
"ACCESS-ESM1-5",2095,929.801,1036.089,1237.9705
"ACCESS-ESM1-5",2096,932.3484,1038.9276,1241.3622
"ACCESS-ESM1-5",2097,685.7424,880.8864,1237.9705
"ACCESS-ESM1-5",2098,636.6672,488.1513,1237.9705
"ACCESS-ESM1-5",2099,860.816,763.1104,1237.9705
"ACCESS-ESM1-5",2100,860.816,827.1265,1237.9705
"BCC-CSM2-MR",2020,307.753,53.8169,548.1786
"BCC-CSM2-MR",2021,263.6324,331.2348,580.3928
"BCC-CSM2-MR",2022,269.189,579.9762,324.9858
"BCC-CSM2-MR",2023,241.2502,72.9825,321.9026
"BCC-CSM2-MR",2024,489.865,22.3516,214.5967
"BCC-CSM2-MR",2025,571.6892,11.3448,32.9889
"BCC-CSM2-MR",2026,298.8352,98.2547,113.1405
"BCC-CSM2-MR",2028,115.3749,318.1043,476.7733
"BCC-CSM2-MR",2029,208.2082,336.9476,127.2739
"BCC-CSM2-MR",2030,618.7951,426.6594,636.0679
"BCC-CSM2-MR",2031,558.4472,210.4322,147.5541
"BCC-CSM2-MR",2032,830.1409,169.7112,635.1377
"BCC-CSM2-MR",2033,609.7425,59.0956,666.436
"BCC-CSM2-MR",2034,648.9326,97.4564,195.98
"BCC-CSM2-MR",2035,409.7947,511.7211,388.4942
"BCC-CSM2-MR",2036,674.5715,400.2397,694.9025
"BCC-CSM2-MR",2037,159.8494,765.5138,220.6347
"BCC-CSM2-MR",2038,18.8876,619.8072,202.8998
"BCC-CSM2-MR",2039,259.8402,123.7275,174.3223
"BCC-CSM2-MR",2040,196.5099,305.4677,493.5704
"BCC-CSM2-MR",2041,248.4828,618.6217,516.4948
"BCC-CSM2-MR",2042,191.5032,740.2909,661.1781
"BCC-CSM2-MR",2043,13.1144,851.8479,360.209
"BCC-CSM2-MR",2044,347.1745,602.3706,595.5227
"BCC-CSM2-MR",2045,689.2041,579.7141,752.7826
"BCC-CSM2-MR",2046,731.5236,580.1418,655.409
"BCC-CSM2-MR",2047,846.4154,72.7618,698.9598
"BCC-CSM2-MR",2048,157.2083,272.1037,822.6787
"BCC-CSM2-MR",2049,234.8254,652.2049,827.674
"BCC-CSM2-MR",2050,127.6881,106.365,545.7624
"BCC-CSM2-MR",2051,462.1088,368.5493,437.5124
"BCC-CSM2-MR",2052,127.7283,258.3322,442.5538
"BCC-CSM2-MR",2053,249.4595,391.5828,636.1696
"BCC-CSM2-MR",2054,584.2302,30.9649,626.8569
"BCC-CSM2-MR",2055,693.9349,48.2747,315.5033
"BCC-CSM2-MR",2056,349.5736,524.1308,434.046
"BCC-CSM2-MR",2057,519.5472,185.8713,831.3102
"BCC-CSM2-MR",2058,422.8745,514.8763,915.7056
"BCC-CSM2-MR",2059,594.934,519.8443,794.0404
"BCC-CSM2-MR",2060,534.6882,501.656,1032.8154
"BCC-CSM2-MR",2061,390.7431,694.7838,1029.9935
"BCC-CSM2-MR",2062,378.9854,604.413,1029.9935
"BCC-CSM2-MR",2063,175.5443,503.2868,984.8828
"BCC-CSM2-MR",2064,70.5717,612.5911,915.8418
"BCC-CSM2-MR",2065,585.6847,855.4056,913.3395
"BCC-CSM2-MR",2066,429.4278,937.5589,665.2374
"BCC-CSM2-MR",2067,201.4981,1054.5945,999.495
"BCC-CSM2-MR",2068,219.9317,996.3709,1029.7743
"BCC-CSM2-MR",2069,103.0311,708.8038,1209.4275
"BCC-CSM2-MR",2070,47.2308,940.605,1209.4275
"BCC-CSM2-MR",2071,281.9578,900.8424,1209.4275
"BCC-CSM2-MR",2072,60.3007,845.668,1212.741
"BCC-CSM2-MR",2073,291.1958,856.29,1209.4275
"BCC-CSM2-MR",2074,562.7677,772.5636,1154.7699
"BCC-CSM2-MR",2075,429.8592,919.289,1192.7835
"BCC-CSM2-MR",2076,482.3201,921.8076,1196.0514
"BCC-CSM2-MR",2077,370.2592,871.8657,1192.7835
"BCC-CSM2-MR",2078,382.0206,769.0952,1192.7835
"BCC-CSM2-MR",2079,263.4593,494.9176,824.7087
"BCC-CSM2-MR",2081,510.0912,566.9866,1211.2525
"BCC-CSM2-MR",2082,461.5819,704.5815,1211.2525
"BCC-CSM2-MR",2083,273.548,853.7623,1211.2525
"BCC-CSM2-MR",2084,368.3431,824.814,1214.571
"BCC-CSM2-MR",2085,453.3029,323.1069,1211.2525
"BCC-CSM2-MR",2086,186.2188,603.0575,1211.2525
"BCC-CSM2-MR",2087,537.3998,763.1108,1211.2525
"BCC-CSM2-MR",2088,420.0953,697.4486,1214.571
"BCC-CSM2-MR",2089,539.2546,496.8851,1211.2525
"BCC-CSM2-MR",2090,216.1454,1057.843,1211.2525
"BCC-CSM2-MR",2091,344.5568,1014.6233,1177.8905
"BCC-CSM2-MR",2092,402.1023,924.1866,1324.005
"BCC-CSM2-MR",2093,387.9849,682.3818,1320.3875
"BCC-CSM2-MR",2094,175.8614,915.733,1320.3875
"BCC-CSM2-MR",2095,505.5022,930.02,1320.3875
"BCC-CSM2-MR",2096,305.278,851.1934,1324.005
"BCC-CSM2-MR",2097,121.7826,677.315,1320.3875
"BCC-CSM2-MR",2098,392.6474,894.653,1320.3875
"BCC-CSM2-MR",2099,500.4851,802.1104,1305.4801
"BCC-CSM2-MR",2100,202.8339,657.8076,1314.4745
"CanESM5",2020,205.3269,393.9795,33.0976
"CanESM5",2021,20.0832,68.8702,0
"CanESM5",2022,489.2197,197.5361,169.5477
"CanESM5",2023,739.6994,134.1864,43.1544
"CanESM5",2024,611.5557,54.2349,0
"CanESM5",2025,359.5261,436,445.8061
"CanESM5",2026,74.5577,278.1099,659.3033
"CanESM5",2027,152.0772,523.3937,743.2068
"CanESM5",2028,33.9246,575.2067,594.5057
"CanESM5",2029,39.249,324.7888,752.3481
"CanESM5",2030,401.1753,636.9868,395.2194
"CanESM5",2031,497.1289,176.5416,398.734
"CanESM5",2032,393.3742,776.8901,189.9191
"CanESM5",2033,116.0706,495.0576,161.699
"CanESM5",2034,325.0668,579.742,302.0227
"CanESM5",2035,68.1693,521.6206,639.326
"CanESM5",2037,90.158,236.8288,731.4726
"CanESM5",2038,317.9485,580.637,453.2319
"CanESM5",2039,495.6583,752.5288,871.0176
"CanESM5",2040,398.3449,315.2682,759.7759
"CanESM5",2041,306.7978,750.0918,300.4398
"CanESM5",2042,286.3016,639.9072,788.5887
"CanESM5",2043,330.8305,537.2183,880.9664
"CanESM5",2044,344.8737,761.9612,1010.8943
"CanESM5",2045,563.2667,333.7963,828.3056
"CanESM5",2046,810.2548,320.7709,300.1785
"CanESM5",2047,584.6134,598.7444,668.2616
"CanESM5",2048,650.6376,512.0853,1071.2856
"CanESM5",2049,1069.742,334.1108,1107.337
"CanESM5",2050,644.2567,250.8821,767.8628
"CanESM5",2051,365.5484,891.6627,596.076
"CanESM5",2052,1082.748,580.531,391.4182
"CanESM5",2053,716.2262,645.4407,851.987
"CanESM5",2054,619.778,731.3202,750.5977
"CanESM5",2055,735.7317,808.4574,523.2884
"CanESM5",2056,1003.2137,961.4724,942.2549
"CanESM5",2057,902.0342,809.7464,993.6865
"CanESM5",2058,516.8086,622.6309,1121.718
"CanESM5",2059,133.6141,990.6278,1009.407
"CanESM5",2060,586.9105,1105.869,1190.8176
"CanESM5",2061,537.0702,1007.76,1187.564
"CanESM5",2062,670.8771,1043.9379,1030.4977
"CanESM5",2063,1006.378,1099.4895,1063.5053
"CanESM5",2064,1009.1352,1037.1978,1401.8898
"CanESM5",2065,454.1715,1013.4225,1398.0595
"CanESM5",2066,717.7794,723.5925,1398.0595
"CanESM5",2067,687.1558,987.1425,1398.0595
"CanESM5",2068,874.5094,966.1158,1401.8898
"CanESM5",2069,1027.7142,640.4605,1398.0595
"CanESM5",2070,666.8133,583.4606,1398.0595
"CanESM5",2071,780.5925,1193.8707,1398.0595
"CanESM5",2072,711.1412,1203.7374,1401.8898
"CanESM5",2073,590.898,1200.4485,1398.0595
"CanESM5",2074,514.9971,1200.4485,1398.0595
"CanESM5",2075,709.5525,1200.4485,1398.0595
"CanESM5",2076,519.7987,1203.7374,1401.8898
"CanESM5",2077,696.1034,1200.4485,1392.3255
"CanESM5",2078,1107.3508,1141.6198,1639.6895
"CanESM5",2079,1085.4005,1019.6275,1639.6895
"CanESM5",2080,1085.5396,780.2383,1644.1818
"CanESM5",2081,659.1446,423.0208,1639.6895
"CanESM5",2082,737.5988,935.6267,1639.6895
"CanESM5",2083,466.5471,1040.805,1639.6895
"CanESM5",2084,1098.4974,1085.922,1644.1818
"CanESM5",2085,1132.6315,1003.88,1639.6895
"CanESM5",2086,1108.5786,768.9759,1639.6895
"CanESM5",2087,386.9789,729.6312,1639.6895
"CanESM5",2088,527.0496,867.673,1644.1818
"CanESM5",2089,897.9579,333.7407,1639.6895
"CanESM5",2090,827.7028,1031.7456,1639.6895
"CanESM5",2091,523.3132,771.4968,1639.6895
"CanESM5",2092,344.7866,1182.546,1644.1818
"CanESM5",2093,953.7854,1179.315,1639.6895
"CanESM5",2094,306.3316,1179.315,1639.6895
"CanESM5",2095,653.2804,1179.315,1639.6895
"CanESM5",2096,642.5425,1182.546,1644.1818
"CanESM5",2097,216.6725,1179.315,1639.6895
"CanESM5",2098,507.3955,1179.315,1639.6895
"CanESM5",2099,911.7554,1179.315,1639.6895
"CanESM5",2100,759.0316,1179.315,1639.6895
"EC-Earth3",2020,392.7125,8.6385,121.5863
"EC-Earth3",2021,9.8946,158.311,386.2076
"EC-Earth3",2022,553.5114,524.9775,319.0972
"EC-Earth3",2023,415.1061,253.7207,268.6953
"EC-Earth3",2024,384.0038,203.0601,176.95
"EC-Earth3",2025,132.1332,308.9331,388.054
"EC-Earth3",2026,484.5241,274.0976,171.8058
"EC-Earth3",2027,249.0872,343.3625,71.2853
"EC-Earth3",2028,58.528,318.5012,369.7501
"EC-Earth3",2029,150.1146,285.4476,513.4782
"EC-Earth3",2030,246.6053,302.0554,424.3556
"EC-Earth3",2031,46.4761,448.8684,578.0111
"EC-Earth3",2032,393.474,345.5844,382.6592
"EC-Earth3",2033,329.913,423.6067,407.2953
"EC-Earth3",2034,322.9628,339.4614,479.7161
"EC-Earth3",2035,232.4251,429.5023,238.7101
"EC-Earth3",2036,286.784,474.3136,381.9714
"EC-Earth3",2037,540.7934,161.1357,46.3416
"EC-Earth3",2038,325.6827,361.4576,402.0406
"EC-Earth3",2039,219.833,202.8311,709.8974
"EC-Earth3",2040,269.6652,68.0905,912.6713
"EC-Earth3",2041,137.3611,589.286,353.439
"EC-Earth3",2042,145.75,506.7223,449.0044
"EC-Earth3",2043,768.1435,143.2117,648.3022
"EC-Earth3",2044,620.0831,437.1874,742.4036
"EC-Earth3",2045,295.0171,261.3877,665.6538
"EC-Earth3",2046,485.8111,311.4027,670.1896
"EC-Earth3",2047,531.9417,50.1144,449.2315
"EC-Earth3",2048,298.849,284.3318,735.024
"EC-Earth3",2049,466.7979,405.8804,730.9636
"EC-Earth3",2050,518.9701,944.693,1038.1695
"EC-Earth3",2051,687.4087,135.8244,943.6359
"EC-Earth3",2052,206.4826,324.7998,709.803
"EC-Earth3",2053,589.5151,262.7418,708.8457
"EC-Earth3",2054,538.0363,366.8301,670.9558
"EC-Earth3",2055,367.8612,575.0575,960.6561
"EC-Earth3",2056,263.1408,689.1702,859.4068
"EC-Earth3",2057,251.5887,552.7096,562.0726
"EC-Earth3",2058,644.9809,493.9749,589.3308
"EC-Earth3",2059,684.4769,802.5561,991.7302
"EC-Earth3",2060,373.7415,692.5038,945.2702
"EC-Earth3",2061,79.7042,528.6839,827.3636
"EC-Earth3",2062,177.6389,492.8763,939.2494
"EC-Earth3",2063,131.0226,647.5644,1128.6895
"EC-Earth3",2064,384.8633,302.9626,996.3687
"EC-Earth3",2065,289.9537,434.7532,877.321
"EC-Earth3",2066,447.3519,423.5054,1161.3006
"EC-Earth3",2067,583.4381,482.6892,1337.214
"EC-Earth3",2068,363.7209,544.857,1097.9494
"EC-Earth3",2069,590.4858,822.4737,866.9787
"EC-Earth3",2070,403.5145,861.5576,1005.1442
"EC-Earth3",2071,304.0562,491.028,1109.6365
"EC-Earth3",2072,356.126,432.1581,1112.6766
"EC-Earth3",2073,625.3805,787.5543,1142.8485
"EC-Earth3",2074,672.5906,332.2133,1220.487
"EC-Earth3",2075,524.7017,261.8312,1220.487
"EC-Earth3",2076,436.4917,510.2182,1223.8308
"EC-Earth3",2077,171.9485,547.5557,1220.487
"EC-Earth3",2078,217.0646,531.2419,1220.487
"EC-Earth3",2079,145.2032,793.4501,1220.487
"EC-Earth3",2080,268.2601,814.0312,1223.8308
"EC-Earth3",2081,474.8542,864.9834,1220.487
"EC-Earth3",2082,628.8375,901.0755,1220.487
"EC-Earth3",2083,638.997,673.6482,1220.487
"EC-Earth3",2084,479.6737,1048.2606,1249.6635
"EC-Earth3",2085,320.8024,897.67,1359.6235
"EC-Earth3",2086,339.8942,721.6462,1509.0925
"EC-Earth3",2087,393.5191,587.65,1509.0925
"EC-Earth3",2088,405.3207,621.6418,1513.227
"EC-Earth3",2089,380.4281,819.9913,1509.0925
"EC-Earth3",2090,552.1807,732.1734,1509.0925
"EC-Earth3",2091,477.7822,698.9524,1509.0925
"EC-Earth3",2092,573.238,883.7238,1513.227
"EC-Earth3",2093,258.4257,942.5482,1509.0925
"EC-Earth3",2094,297.9847,815.3138,1509.0925
"EC-Earth3",2095,551.814,979.0746,1509.0925
"EC-Earth3",2096,391.4975,1050.2293,1311.5786
"EC-Earth3",2097,257.0338,800.8658,1583.5525
"EC-Earth3",2098,217.7015,557.5404,1583.5525
"EC-Earth3",2099,715.5478,903.0632,1583.5525
"EC-Earth3",2100,291.4352,991.2396,1583.5525
"MIROC6",2020,112.8443,0,21.7032
"MIROC6",2021,170.8332,84.6313,7.3212
"MIROC6",2022,98.0616,258.025,0
"MIROC6",2023,233.9293,54.8822,196.1154
"MIROC6",2024,54.1509,0,370.0238
"MIROC6",2025,4.5615,24.3635,440.8208
"MIROC6",2026,8.2446,134.475,248.815
"MIROC6",2028,119.3874,411.4429,75.3514
"MIROC6",2029,430.615,439.1124,485.8556
"MIROC6",2030,379.7813,250.1395,57.4871
"MIROC6",2031,225.7281,336.0328,21.1876
"MIROC6",2032,122.5206,444.9066,0
"MIROC6",2034,191.8686,592.3305,0
"MIROC6",2035,172.6459,53.6215,201.2686
"MIROC6",2036,186.1726,245.1398,295.4182
"MIROC6",2037,40.71,185.3706,236.4043
"MIROC6",2038,48.6065,419.6256,29.043
"MIROC6",2039,92.7439,418.2906,14.551
"MIROC6",2040,151.5457,176.6752,298.8544
"MIROC6",2041,175.022,287.9406,326.0626
"MIROC6",2042,135.4991,568.4511,26.0782
"MIROC6",2043,134.5906,560.0871,209.9616
"MIROC6",2044,295.1365,456.4366,263.2319
"MIROC6",2045,231.2916,44.7636,438.039
"MIROC6",2046,411.2024,85.0359,276.749
"MIROC6",2047,623.0868,320.4954,340.8644
"MIROC6",2048,278.9726,657.229,389.9496
"MIROC6",2049,25.2016,401.0963,488.4134
"MIROC6",2050,422.9245,201.4466,390.3379
"MIROC6",2051,379.4552,134.3434,651.089
"MIROC6",2053,287.2275,443.9709,493.704
"MIROC6",2054,14.062,407.9077,628.4904
"MIROC6",2055,311.9462,116.0456,709.56
"MIROC6",2056,200.9733,717.4932,711.504
"MIROC6",2057,462.3376,508.0239,677.7106
"MIROC6",2058,561.38,381.8097,448.0541
"MIROC6",2059,193.4695,547.8343,422.7986
"MIROC6",2060,820.3414,474.3682,757.6182
"MIROC6",2061,810.3708,663.7583,847.53
"MIROC6",2062,298.7705,290.9415,562.7951
"MIROC6",2063,326.7945,61.011,707.203
"MIROC6",2064,29.0316,740.502,817.9032
"MIROC6",2065,307.8636,612.2729,875.9559
"MIROC6",2066,669.0256,623.434,597.9979
"MIROC6",2067,634.363,195.9326,608.3616
"MIROC6",2068,264.6659,767.157,759.194
"MIROC6",2069,136.076,728.7332,694.2448
"MIROC6",2070,251.0366,176.7335,583.5404
"MIROC6",2071,248.3624,329.892,461.2919
"MIROC6",2072,340.5791,456.4193,309.6719
"MIROC6",2073,337.9514,423.7068,825.6655
"MIROC6",2074,252.8127,403.9897,812.1108
"MIROC6",2075,83.0652,222.5508,666.5013
"MIROC6",2076,195.0362,378.1586,612.0086
"MIROC6",2077,465.0929,883.4841,781.6386
"MIROC6",2078,522.7137,772.8024,950.0897
"MIROC6",2079,132.1184,429.4926,1077.772
"MIROC6",2080,345.0084,671.4316,1080.7248
"MIROC6",2081,325.9245,658.7922,1077.772
"MIROC6",2082,451.5468,658.0248,1077.772
"MIROC6",2083,538.7204,598.4879,729.8055
"MIROC6",2084,258.1598,345.5876,813.0584
"MIROC6",2085,613.3601,126.1027,1183.184
"MIROC6",2086,422.071,691.8306,1183.184
"MIROC6",2087,541.654,528.6317,1183.184
"MIROC6",2088,154.3811,615.7732,1186.4256
"MIROC6",2089,269.3607,444.2838,1183.184
"MIROC6",2090,302.8019,716.3201,1183.184
"MIROC6",2091,379.4264,589.9544,1183.184
"MIROC6",2092,73.8795,650.2831,1186.4256
"MIROC6",2093,529.9564,874.2845,1183.184
"MIROC6",2094,65.9274,760.3285,1183.184
"MIROC6",2095,249.2392,319.1474,1183.184
"MIROC6",2096,18.1149,630.0595,1186.4256
"MIROC6",2097,386.0414,292.246,1183.184
"MIROC6",2098,138.7816,438.7908,1183.184
"MIROC6",2099,376.3523,451.2885,1183.184
"MIROC6",2100,132.8728,693.4758,1183.184
"MRI-ESM2-0",2020,159.9846,90.4017,302.3874
"MRI-ESM2-0",2021,16.0374,237.0748,399.7886
"MRI-ESM2-0",2022,93.42,289.7987,281.1679
"MRI-ESM2-0",2023,91.5042,350.546,335.0934
"MRI-ESM2-0",2024,30.607,288.9603,444.6582
"MRI-ESM2-0",2025,68.1672,462.1981,515.3499
"MRI-ESM2-0",2026,44.5562,158.5745,223.6233
"MRI-ESM2-0",2027,190.749,388.6746,338.6146
"MRI-ESM2-0",2028,348.5829,137.953,228.3809
"MRI-ESM2-0",2029,511.2502,123.3071,342.209
"MRI-ESM2-0",2030,198.0292,310.8381,466.7347
"MRI-ESM2-0",2031,165.3153,640.6845,609.0026
"MRI-ESM2-0",2032,155.8582,262.035,293.1414
"MRI-ESM2-0",2033,547.4784,149.7204,393.0621
"MRI-ESM2-0",2034,249.7336,236.8994,442.6573
"MRI-ESM2-0",2035,155.4734,393.3898,314.6197
"MRI-ESM2-0",2036,559.3405,290.5652,524.53
"MRI-ESM2-0",2037,657.4745,269.9212,535.1265
"MRI-ESM2-0",2038,562.0056,299.3383,317.0322
"MRI-ESM2-0",2039,456.7863,248.3749,628.7855
"MRI-ESM2-0",2040,151.2119,527.9648,630.5082
"MRI-ESM2-0",2041,580.358,361.9242,628.7855
"MRI-ESM2-0",2042,662.986,357.6356,586.4989
"MRI-ESM2-0",2043,488.0073,379.8116,368.0765
"MRI-ESM2-0",2044,518.9598,595.8624,621.6414
"MRI-ESM2-0",2045,213.1235,407.0704,504.8503
"MRI-ESM2-0",2046,268.0809,401.8999,466.8267
"MRI-ESM2-0",2047,250.9278,393.5845,159.8522
"MRI-ESM2-0",2048,356.8752,443.5925,478.4944
"MRI-ESM2-0",2049,399.6672,640.1735,497.462
"MRI-ESM2-0",2050,569.115,634.9118,276.2449
"MRI-ESM2-0",2051,441.8196,450.3979,522.8537
"MRI-ESM2-0",2052,200.3348,626.6841,565.9104
"MRI-ESM2-0",2053,70.8221,437.8158,354.9624
"MRI-ESM2-0",2054,401.3965,335.559,376.1038
"MRI-ESM2-0",2055,625.5735,424.6482,622.5331
"MRI-ESM2-0",2056,523.947,630.801,758.169
"MRI-ESM2-0",2057,187.3399,526.8574,756.0975
"MRI-ESM2-0",2058,157.3233,446.4561,756.0975
"MRI-ESM2-0",2059,426.8114,265.2196,756.0975
"MRI-ESM2-0",2060,551.4846,292.5749,758.169
"MRI-ESM2-0",2061,275.0276,649.7374,626.3686
"MRI-ESM2-0",2062,429.12,678.3065,631.5595
"MRI-ESM2-0",2063,309.644,676.637,594.6186
"MRI-ESM2-0",2064,634.9368,678.4908,722.8866
"MRI-ESM2-0",2065,614.0582,522.4847,720.9115
"MRI-ESM2-0",2066,349.2501,398.9102,720.9115
"MRI-ESM2-0",2067,436.2095,509.1497,760.7649
"MRI-ESM2-0",2068,481.8042,458.6951,877.5582
"MRI-ESM2-0",2069,519.2848,627.4964,875.1605
"MRI-ESM2-0",2070,316.2313,586.7001,875.1605
"MRI-ESM2-0",2071,501.4534,480.2224,875.1605
"MRI-ESM2-0",2072,278.8258,510.111,877.5582
"MRI-ESM2-0",2073,557.6962,271.9775,875.1605
"MRI-ESM2-0",2074,289.3682,142.9348,875.1605
"MRI-ESM2-0",2075,137.4006,482.6322,875.1605
"MRI-ESM2-0",2076,191.8977,481.3282,877.5582
"MRI-ESM2-0",2077,315.4348,395.4271,875.1605
"MRI-ESM2-0",2078,274.7993,360.1139,875.1605
"MRI-ESM2-0",2079,204.9849,403.2677,875.1605
"MRI-ESM2-0",2080,256.0117,407.3436,877.5582
"MRI-ESM2-0",2081,85.0929,545.2925,875.1605
"MRI-ESM2-0",2082,246.3506,732.9096,875.1605
"MRI-ESM2-0",2083,607.959,826.433,875.1605
"MRI-ESM2-0",2084,476.6155,828.6972,877.5582
"MRI-ESM2-0",2085,428.1509,767.6362,875.1605
"MRI-ESM2-0",2086,136.391,630.0476,875.1605
"MRI-ESM2-0",2087,120.2067,597.126,875.1605
"MRI-ESM2-0",2088,130.2487,402.7386,901.3658
"MRI-ESM2-0",2089,286.2281,697.6975,1092.8465
"MRI-ESM2-0",2090,376.8561,697.6975,1092.8465
"MRI-ESM2-0",2091,209.041,258.1142,1092.8465
"MRI-ESM2-0",2092,324.4578,534.4846,1095.8406
"MRI-ESM2-0",2093,37.1689,302.6297,1092.8465
"MRI-ESM2-0",2094,124.9884,624.9664,1092.8465
"MRI-ESM2-0",2095,378.6276,410.2941,1092.8465
"MRI-ESM2-0",2096,328.9699,720.0684,1095.8406
"MRI-ESM2-0",2097,113.9118,653.4635,1092.8465
"MRI-ESM2-0",2098,71.5455,257.9382,1092.8465
"MRI-ESM2-0",2099,166.1249,392.166,1092.8465
"MRI-ESM2-0",2100,13.1686,484.076,1092.8465
"NorESM2-LM",2020,73.7604,0,15.1788
"NorESM2-LM",2021,28.6574,114.047,91.999
"NorESM2-LM",2022,457.7838,114.2042,533.7948
"NorESM2-LM",2023,95.2914,282.7929,157.06
"NorESM2-LM",2024,119.4466,139.3656,21.0606
"NorESM2-LM",2025,43.0748,47.9867,186.1165
"NorESM2-LM",2026,351.82,146.7522,346.6332
"NorESM2-LM",2027,431.6562,111.6814,486.621
"NorESM2-LM",2028,514.2786,270.6078,318.9639
"NorESM2-LM",2029,120.5474,288.7303,4.6375
"NorESM2-LM",2030,230.4082,82.5254,99.2986
"NorESM2-LM",2031,261.0493,184.6999,141.238
"NorESM2-LM",2032,220.1575,14.8752,68.0302
"NorESM2-LM",2033,318.0274,120.447,155.5879
"NorESM2-LM",2034,423.569,186.3083,64.6362
"NorESM2-LM",2035,589.834,160.9657,246.6871
"NorESM2-LM",2036,512.6972,157.0635,446.5267
"NorESM2-LM",2037,298.3091,411.7921,289.3187
"NorESM2-LM",2038,159.3295,363.5192,154.7405
"NorESM2-LM",2039,393.2916,234.1136,201.4342
"NorESM2-LM",2040,218.4537,45.9048,535.9981
"NorESM2-LM",2041,564.2788,543.977,526.5423
"NorESM2-LM",2042,842.8945,537.1739,348.1056
"NorESM2-LM",2043,121.0193,753.1724,214.4723
"NorESM2-LM",2044,260.2087,270.86,840.885
"NorESM2-LM",2045,278.1388,75.2821,630.2974
"NorESM2-LM",2046,523.0304,600.3054,428.0454
"NorESM2-LM",2047,523.0591,516.2423,674.1869
"NorESM2-LM",2048,276.1556,466.734,383.0771
"NorESM2-LM",2049,448.3386,379.2694,152.1921
"NorESM2-LM",2050,280.6603,381.4238,153.9236
"NorESM2-LM",2051,399.8675,534.9388,169.6183
"NorESM2-LM",2052,581.7476,312.9554,563.137
"NorESM2-LM",2053,322.803,341.0174,661.3375
"NorESM2-LM",2054,256.9217,413.5842,413.1876
"NorESM2-LM",2055,734.453,413.8134,848.406
"NorESM2-LM",2056,779.7676,296.4888,525.6439
"NorESM2-LM",2057,645.3453,105.3425,647.758
"NorESM2-LM",2058,462.777,407.791,479.7862
"NorESM2-LM",2059,445.7005,331.4614,707.5187
"NorESM2-LM",2060,287.3221,194.5722,529.9221
"NorESM2-LM",2061,428.9911,428.8939,759.6124
"NorESM2-LM",2062,577.482,278.649,917.7181
"NorESM2-LM",2063,343.5437,238.7036,1167.9635
"NorESM2-LM",2064,142.4134,221.27,1026.7095
"NorESM2-LM",2065,116.1059,466.1856,1005.9035
"NorESM2-LM",2066,185.6359,570.7089,1005.9035
"NorESM2-LM",2067,531.6681,769.2078,806.2071
"NorESM2-LM",2068,382.0733,482.6043,651.702
"NorESM2-LM",2069,330.7148,461.22,950.2045
"NorESM2-LM",2070,144.6871,662.8579,973.6571
"NorESM2-LM",2071,66.2926,984.4754,1105.9135
"NorESM2-LM",2072,503.517,558.6516,1009.0291
"NorESM2-LM",2073,758.9863,501.0209,766.5077
"NorESM2-LM",2074,700.9936,380.6381,721.161
"NorESM2-LM",2075,199.5506,249.0683,866.364
"NorESM2-LM",2076,591.3039,186.6314,840.1992
"NorESM2-LM",2077,199.7822,488.8579,328.2192
"NorESM2-LM",2078,477.5176,229.5467,547.2324
"NorESM2-LM",2079,502.1629,597.849,1063.0625
"NorESM2-LM",2080,344.2448,869.8722,1079.9464
"NorESM2-LM",2081,355.136,594.1423,1217.129
"NorESM2-LM",2082,287.7107,465.6806,1217.129
"NorESM2-LM",2083,334.8517,572.7265,1217.129
"NorESM2-LM",2084,67.7845,616.9702,1220.4636
"NorESM2-LM",2085,584.0202,575.0427,1217.129
"NorESM2-LM",2086,233.394,615.5134,1217.129
"NorESM2-LM",2087,261.5851,239.0345,994.0574
"NorESM2-LM",2088,452.8314,113.1935,896.3681
"NorESM2-LM",2089,317.3239,363.2918,1253.775
"NorESM2-LM",2090,381.042,486.1868,1253.775
"NorESM2-LM",2091,547.7385,737.1366,1253.775
"NorESM2-LM",2092,571.2425,287.4536,1257.21
"NorESM2-LM",2093,711.2712,838.551,1253.775
"NorESM2-LM",2094,414.8242,794.7255,1253.775
"NorESM2-LM",2095,49.0374,476.3193,1253.775
"NorESM2-LM",2096,459.7632,792.521,1257.21
"NorESM2-LM",2097,357.8811,640.7593,1253.775
"NorESM2-LM",2098,398.5721,813.2105,1253.775
"NorESM2-LM",2099,582.298,1093.2845,1253.775
"NorESM2-LM",2100,109.6343,794.0132,1253.775
"NorESM2-MM",2020,273.9231,259.2776,302.5786
"NorESM2-MM",2021,315.429,280.4468,213.6777
"NorESM2-MM",2022,165.9279,89.22,399.6568
"NorESM2-MM",2023,367.3333,170.1345,495.6022
"NorESM2-MM",2024,484.1972,111.1882,587.0764
"NorESM2-MM",2025,838.7243,106.8931,206.8505
"NorESM2-MM",2026,727.5066,125.5207,209.6921
"NorESM2-MM",2027,439.5549,114.4858,197.0125
"NorESM2-MM",2028,269.058,191.2558,160.0488
"NorESM2-MM",2029,78.3851,263.7273,546.6957
"NorESM2-MM",2030,494.7739,234.9599,607.7124
"NorESM2-MM",2031,732.2777,698.4524,161.0423
"NorESM2-MM",2032,172.3017,660.2418,280.0569
"NorESM2-MM",2033,295.6373,695.7713,382.1108
"NorESM2-MM",2034,138.9097,401.4883,431.9139
"NorESM2-MM",2035,114.3348,187.3702,393.4041
"NorESM2-MM",2036,42.0634,396.4293,649.7299
"NorESM2-MM",2037,430.0472,609.5817,252.0071
"NorESM2-MM",2038,186.536,282.0399,407.8562
"NorESM2-MM",2039,58.0242,174.8567,515.5822
"NorESM2-MM",2040,313.4576,441.9553,509.015
"NorESM2-MM",2041,113.9144,808.1733,411.2435
"NorESM2-MM",2042,238.1382,254.193,581.4985
"NorESM2-MM",2043,587.6208,114.6841,405.2935
"NorESM2-MM",2044,433.4346,275.4607,484.0635
"NorESM2-MM",2045,184.868,504.5287,775.4769
"NorESM2-MM",2046,358.7011,546.5756,959.0375
"NorESM2-MM",2047,402.0643,734.7191,792.9097
"NorESM2-MM",2048,693.0053,796.2761,739.4182
"NorESM2-MM",2049,704.8653,361.5081,882.613
"NorESM2-MM",2050,450.7443,449.7474,1021.27
"NorESM2-MM",2051,689.4788,831.1266,1002.0228
"NorESM2-MM",2052,601.5714,872.4708,713.3837
"NorESM2-MM",2053,109.2343,587.3787,180.6791
"NorESM2-MM",2054,387.4729,710.8869,230.0066
"NorESM2-MM",2055,134.2118,681.7076,621.6792
"NorESM2-MM",2056,353.9943,519.3889,17.3943
"NorESM2-MM",2057,470.845,485.8041,469.222
"NorESM2-MM",2058,217.0803,353.3919,1020.102
"NorESM2-MM",2059,269.9892,708.3241,1020.102
"NorESM2-MM",2060,601.8928,649.5816,1040.5372
"NorESM2-MM",2061,829.974,583.1731,758.1678
"NorESM2-MM",2062,324.801,396.4794,1012.145
"NorESM2-MM",2063,565.9923,280.0436,1012.145
"NorESM2-MM",2064,477.2812,375.0541,821.0378
"NorESM2-MM",2065,380.2172,420.4986,988.493
"NorESM2-MM",2066,360.599,66.7419,770.3698
"NorESM2-MM",2067,644.3762,152.8401,955.935
"NorESM2-MM",2068,601.6792,718.292,958.554
"NorESM2-MM",2069,789.6409,625.4662,955.935
"NorESM2-MM",2070,713.7459,642.1546,802.497
"NorESM2-MM",2071,595.5456,879.723,863.1591
"NorESM2-MM",2072,489.3011,646.7097,741.6923
"NorESM2-MM",2073,527.9233,871.1568,861.0251
"NorESM2-MM",2074,458.6575,816.4757,1097.8105
"NorESM2-MM",2075,494.2613,483.6405,1097.8105
"NorESM2-MM",2076,514.7364,636.7787,1100.8182
"NorESM2-MM",2077,257.9687,681.4231,1021.6469
"NorESM2-MM",2078,767.3056,657.6521,953.7024
"NorESM2-MM",2079,717.543,866.9148,1088.576
"NorESM2-MM",2080,636.3816,615.0758,1091.5584
"NorESM2-MM",2081,644.2344,663.7478,847.8269
"NorESM2-MM",2082,517.8516,365.2721,1169.1788
"NorESM2-MM",2083,302.3178,993.8585,1209.902
"NorESM2-MM",2084,299.0891,925.7948,1213.2168
"NorESM2-MM",2085,511.9687,996.085,1209.902
"NorESM2-MM",2086,135.1534,840.083,1209.902
"NorESM2-MM",2087,221.9881,783.0592,1209.902
"NorESM2-MM",2088,428.8676,1032.669,1213.2168
"NorESM2-MM",2089,124.1775,871.7319,1209.902
"NorESM2-MM",2090,162.5858,577.8767,1099.4569
"NorESM2-MM",2091,410.3814,452.2784,1216.9465
"NorESM2-MM",2092,542.1257,613.3526,1220.2806
"NorESM2-MM",2093,672.1368,854.4684,1216.9465
"NorESM2-MM",2094,565.0411,941.1208,1216.9465
"NorESM2-MM",2095,807.891,1029.519,1216.9465
"NorESM2-MM",2096,810.1044,821.8591,1220.2806
"NorESM2-MM",2097,764.5634,910.9116,1231.8534
"NorESM2-MM",2098,174.1296,956.446,1325.68
"NorESM2-MM",2099,500.3981,779.3872,1325.68
"NorESM2-MM",2100,337.2331,549.066,1325.68
"BCC-CSM2-MR",2027,0,80.8936,427.9451
"BCC-CSM2-MR",2080,0,90.5077,1214.571
"CanESM5",2036,0,126.5954,412.8409
"MIROC6",2027,0,862.3986,207.3349
"MIROC6",2033,0,516.6672,66.1668
"MIROC6",2052,0,181.816,335.8635
